{
  "generated_at_utc": "2026-05-11T12:14:47.867802+00:00",
  "models": [
    {
      "model_name": "quadruped-standalone-full-cropped",
      "model_path": "/home/jschwenkbeck/Documents/RAPID/Thesis/Individual_Recognition/runs/pose/cropped_models/quadruped-standalone-full-cropped/weights/best.pt",
      "results_by_domain": {
        "minimal": {
          "benchmarks": {
            "map": {
              "pose": {
                "map50_95": 0.7728562446909468,
                "map50": 0.9265777511528328,
                "map75": 0.823300589932707,
                "maps": [
                  0.7728562446909468
                ]
              },
              "box": {
                "map50_95": 0.9325662088262275,
                "map50": 0.9941514266464432,
                "map75": 0.9846425922086299,
                "maps": [
                  0.9325662088262275
                ]
              },
              "speed_ms_per_image": {
                "preprocess": 0.041244868945298545,
                "inference": 0.9641039859837828,
                "loss": 0.00016692066644756205,
                "postprocess": 0.06956247011852315
              }
            },
            "pck": {
              "pck@0.05": {
                "threshold_factor": 0.05,
                "score": 0.9150992234685074,
                "score_percent": 91.50992234685074,
                "total_images": 468,
                "used_images": 453,
                "total_visible_keypoints": 5795,
                "correct_keypoints": 5303
              }
            }
          },
          "errors": []
        },
        "pruned": {
          "benchmarks": {
            "map": {
              "pose": {
                "map50_95": 0.7803032873620014,
                "map50": 0.9367253334802004,
                "map75": 0.8417242955504236,
                "maps": [
                  0.7803032873620014
                ]
              },
              "box": {
                "map50_95": 0.9439428974455776,
                "map50": 0.9947925764192139,
                "map75": 0.9947925764192139,
                "maps": [
                  0.9439428974455776
                ]
              },
              "speed_ms_per_image": {
                "preprocess": 0.042110518603760416,
                "inference": 0.4207089971997683,
                "loss": 0.00016385674986486666,
                "postprocess": 0.04651269435504283
              }
            },
            "pck": {
              "pck@0.05": {
                "threshold_factor": 0.05,
                "score": 0.9221868672259185,
                "score_percent": 92.21868672259184,
                "total_images": 906,
                "used_images": 891,
                "total_visible_keypoints": 10371,
                "correct_keypoints": 9564
              }
            }
          },
          "errors": []
        },
        "full": {
          "benchmarks": {
            "map": {
              "pose": {
                "map50_95": 0.4838697318800869,
                "map50": 0.8077508152645707,
                "map75": 0.4851461141328529,
                "maps": [
                  0.4838697318800869
                ]
              },
              "box": {
                "map50_95": 0.9327604281622225,
                "map50": 0.9949090379223369,
                "map75": 0.9948475754385785,
                "maps": [
                  0.9327604281622225
                ]
              },
              "speed_ms_per_image": {
                "preprocess": 0.03867025492815282,
                "inference": 0.28734302428947445,
                "loss": 0.00015739692932719367,
                "postprocess": 0.03739317571801226
              }
            },
            "pck": {
              "pck@0.05": {
                "threshold_factor": 0.05,
                "score": 0.7673551122977854,
                "score_percent": 76.73551122977854,
                "total_images": 2455,
                "used_images": 2422,
                "total_visible_keypoints": 25468,
                "correct_keypoints": 19543
              }
            }
          },
          "errors": []
        }
      }
    },
    {
      "model_name": "quadruped-standalone-pruned-cropped",
      "model_path": "/home/jschwenkbeck/Documents/RAPID/Thesis/Individual_Recognition/runs/pose/cropped_models/quadruped-standalone-pruned-cropped/weights/best.pt",
      "results_by_domain": {
        "minimal": {
          "benchmarks": {
            "map": {
              "pose": {
                "map50_95": 0.7870383641497404,
                "map50": 0.9420697356293717,
                "map75": 0.8500723515872,
                "maps": [
                  0.7870383641497404
                ]
              },
              "box": {
                "map50_95": 0.9384251126654395,
                "map50": 0.994785023487151,
                "map75": 0.9947637468914065,
                "maps": [
                  0.9384251126654395
                ]
              },
              "speed_ms_per_image": {
                "preprocess": 0.04767128326094303,
                "inference": 0.5536779739424331,
                "loss": 0.0001661266542525373,
                "postprocess": 0.06943224017850609
              }
            },
            "pck": {
              "pck@0.05": {
                "threshold_factor": 0.05,
                "score": 0.9108214714457211,
                "score_percent": 91.08214714457212,
                "total_images": 468,
                "used_images": 456,
                "total_visible_keypoints": 5831,
                "correct_keypoints": 5311
              }
            }
          },
          "errors": []
        },
        "pruned": {
          "benchmarks": {
            "map": {
              "pose": {
                "map50_95": 0.5889638671241373,
                "map50": 0.8825291272301188,
                "map75": 0.6025830783918963,
                "maps": [
                  0.5889638671241373
                ]
              },
              "box": {
                "map50_95": 0.9341068886888376,
                "map50": 0.9948328342918602,
                "map75": 0.9948109784986741,
                "maps": [
                  0.9341068886888376
                ]
              },
              "speed_ms_per_image": {
                "preprocess": 0.052337833859075776,
                "inference": 0.3542695687898737,
                "loss": 0.0001634949115135812,
                "postprocess": 0.04926443184267475
              }
            },
            "pck": {
              "pck@0.05": {
                "threshold_factor": 0.05,
                "score": 0.8431881549850976,
                "score_percent": 84.31881549850976,
                "total_images": 906,
                "used_images": 893,
                "total_visible_keypoints": 10401,
                "correct_keypoints": 8770
              }
            }
          },
          "errors": []
        },
        "full": {
          "benchmarks": {
            "map": {
              "pose": {
                "map50_95": 0.29837712533175453,
                "map50": 0.5117445507729712,
                "map75": 0.2725157558944378,
                "maps": [
                  0.29837712533175453
                ]
              },
              "box": {
                "map50_95": 0.9293236039671628,
                "map50": 0.9946904465830576,
                "map75": 0.9946782263922751,
                "maps": [
                  0.9293236039671628
                ]
              },
              "speed_ms_per_image": {
                "preprocess": 0.038799332633098614,
                "inference": 0.2640118346361789,
                "loss": 0.00015605002065054513,
                "postprocess": 0.034709095522427506
              }
            },
            "pck": {
              "pck@0.05": {
                "threshold_factor": 0.05,